block_size,io_thrash,dhry2,heap------,disk,tac,insertion-,mksquashfs,bisection,simpson13,find,redblack,genload_io,adpcm_code,dirload_io,adpcm_deco,cp,double,seeker,float,vecsum----,primegen,selection-,autcor----,tiotest,make-many-files,Bonnie,ncdu,gauss-----,recarray,arithoh,fft-------,genload_wh,updatedb,sysbench,fdct------,max-------,badblocks,fractal---,ioping,fio,dsp_mul32_,md5sum,shred,du,unsquashfs,bubble_sor,sobel-----,combsort--,split,register,bzip2,iozone,short,dd,mmq,spew,randrw,ffsb,base64,dotprod---,dupedit,goraud----,dhry2reg,cpio,pop_cnt---,duff,long,summillion,od,mkisofs,rsync,freedup,cat,hanoi,fsck.fat,mandelbulber,fibonacci-,radixsort-,genisoimage,gzip
0,0.04069119286510591,0.03985507246376811,0.04349529780564263,0.9756531725523974,0.9794806909450985,0.04256198347107438,0.9984796532315455,0.04052489386337321,0.04112081513828239,0.9938983162651099,0.0475827940616673,0.04546583850931677,0.044452745610758314,0.042385057471264365,0.04590288315629742,0.9937872916282217,0.04570184983677911,0.0463871543264942,0.04527345164795364,0.046598322460391424,0.050183100501831,0.043888433141919606,0.046511627906976744,0.9749046081596713,0.046573267701628174,0.040498442367601244,1.0049546322827125,0.04596273291925466,0.043153526970954356,0.046468401486988845,0.04412260020208825,0.041685443893645785,0.9848756392883682,1.0033901752720615,0.04810753448885745,0.04714757190004715,0.9899846255216341,0.9611433305716652,0.04172736732570239,0.9981597956082945,0.043645699614890884,0.9845616079230993,0.9904383590536787,0.9958002975573927,0.9998366368982793,0.045182111572153065,0.04575450945886494,0.042352941176470586,0.9965403268155562,0.04598540145985401,1.0021730793813115,0.9957066004552038,0.04593510754648195,0.994762902304323,0.042444029850746266,0.9986594445752794,0.0474234503360717,1.005941707036373,0.9800924666847974,0.0465444287729196,0.03928170594837262,0.0463664734730272,0.03924646781789639,0.996212066026603,0.045787545787545784,0.9763813036385559,0.046086320409656184,0.04344874405974202,0.9993596194309762,0.9989876425855513,0.9943223747915148,0.993135838150289,0.98746416805716,0.04448398576512456,0.9963209029861408,0.9984059255894799,0.04653327128897161,0.04440981690689521,1.0025927859290673,0.9993594332868608
16,0.3177257525083612,0.24071557971014493,0.2358934169278997,0.3358598908986506,0.29970293761689953,0.23140495867768596,0.3553244484699489,0.24237746043998457,0.2368995633187773,0.3692755487392602,0.34430909783022456,0.27652173913043476,0.2439297721329847,0.27586206896551724,0.2515174506828528,0.3687027126776158,0.230322814653609,0.24055902468034493,0.23361101050344077,0.2646784715750233,0.32768208327682086,0.23297785069729288,0.2585499316005472,0.3155268564719695,0.2688375615297236,0.29569055036344755,0.33103510028653294,0.26925465838509316,0.23112033195020748,0.23605947955390336,0.2903334456045807,0.2710680486705723,0.34847226472002446,0.31908329660643453,0.32684824902723736,0.26874115983026875,0.37579617834394907,0.3676884838442419,0.2951092611862643,0.3964520044477265,0.26230209670517757,0.31925429653364407,0.31117516785601296,0.3386127799016931,0.4496297103027663,0.26509912402028585,0.26748790145182577,0.22588235294117648,0.33314799369845244,0.22956204379562045,0.43318420043461586,0.4012431891854611,0.23441487422530077,0.30143464736875514,0.28451492537313433,0.4016593902284379,0.26064227035100823,0.3755587078125418,0.3055208050040794,0.26657263751763044,0.27048260381593714,0.2670530539456086,0.2327876205427226,0.3518990661285858,0.26373626373626374,0.404425845804667,0.23591806876371615,0.2620502376103191,0.3569664257615955,0.3793631178707224,0.34372027351564866,0.35624671571203365,0.3080477474008471,0.2298932384341637,0.3154736390912988,0.5561223375681849,0.26663564448580734,0.24386443319049475,0.3661436515571815,0.3192659859075323
32,0.20642883686361949,0.16621376811594202,0.17829153605015674,0.21131208728107953,0.19391572230168336,0.17851239669421487,0.22363654007892864,0.18062524121960633,0.17467248908296942,0.2283513910189812,0.21602588503996956,0.19950310559006212,0.18714979454613373,0.1925287356321839,0.18778452200303491,0.22794796087839084,0.17700398984403337,0.17870948557835267,0.1778341180731619,0.20456663560111835,0.22107690221076903,0.17719442165709598,0.19607843137254902,0.1964338127384796,0.19613782658084059,0.1976895119418484,0.21370582617000955,0.1934782608695652,0.17302904564315352,0.17992565055762083,0.20714045133041428,0.19085173501577288,0.22393670498754206,0.21332677899447403,0.22709586133710646,0.20556341348420556,0.22793762354491545,0.24067937033968517,0.1967741935483871,0.2695984314124927,0.19597774925117672,0.2010874842217691,0.19924772383731149,0.21506996365279948,0.2954966238292311,0.1987090825265099,0.2023757149142103,0.17372549019607844,0.21165786303400982,0.17664233576642335,0.2844944394733478,0.25464687219808263,0.17754283631060883,0.189043356820923,0.1935634328358209,0.25385409684607163,0.19716206123973115,0.230013649867516,0.19967364699483275,0.20404325340855664,0.18771043771043772,0.19572001783325904,0.16169544740973313,0.21946706682789668,0.20146520146520147,0.25661394425136536,0.1799561082662765,0.19008825526137135,0.2181868081602781,0.23766634980988594,0.22001544177554824,0.2227404098791382,0.19834852179865656,0.17259786476868327,0.19959994284897842,0.3584483760093985,0.2047463936714751,0.18387222438644332,0.2322678895757926,0.20341761181657184
48,0.15719063545150502,0.12771739130434784,0.13087774294670845,0.16095320126327878,0.14913631862691165,0.128099173553719,0.17247848871061655,0.14125820146661522,0.13828238719068414,0.1830092844538993,0.17015607156452228,0.13639751552795032,0.13597310422114306,0.14272030651340997,0.13922610015174508,0.17818478194008736,0.1287631483496554,0.1239964317573595,0.12966316551973922,0.14538676607642126,0.17740404177404043,0.1279737489745693,0.14227086183310533,0.14147343704138537,0.1385838697463082,0.14304257528556594,0.16517430754536772,0.1422360248447205,0.12780082987551866,0.1315985130111524,0.14482990906028967,0.13857593510590355,0.1718756830003934,0.16700003390175272,0.16837637071100106,0.14332861857614332,0.18357127168899626,0.17448218724109363,0.15317377731529658,0.2210486109342772,0.14035087719298245,0.15608311486552093,0.1584701374485886,0.17425940224862993,0.22846329775648008,0.14061779621945597,0.13990321161460625,0.12745098039215685,0.15889784697124146,0.1291970802919708,0.22213984404959733,0.19601351817366716,0.12686839227123586,0.1502570938868787,0.14948694029850745,0.19238781906124888,0.14115011202389843,0.18411262478923,0.1481642643459342,0.14245416078984485,0.13790684624017957,0.1440035666518056,0.12267324512222472,0.1752502221768965,0.1401098901098901,0.2089509894318746,0.12728602779809803,0.1334012219959267,0.1715000152471564,0.18602186311787072,0.16979554577292058,0.17790987913820283,0.15205579086980706,0.12918149466192172,0.15973710530075724,0.28730024937438037,0.14285714285714285,0.1312816517335411,0.18932945637777884,0.15782433399902032
64,0.13247863247863248,0.10756340579710146,0.109717868338558,0.13247200689061153,0.12999229838266035,0.10909090909090909,0.14436824739600182,0.113469702817445,0.10953420669577875,0.151033163475651,0.13818043395508184,0.12521739130434784,0.10795666791184161,0.12619731800766285,0.11229135053110774,0.14984314449160363,0.112803772216177,0.12042818911685994,0.1119159724737414,0.12208760484622554,0.1391563813915638,0.10869565217391304,0.12129502963976288,0.11953331376577635,0.11737978038621734,0.13006230529595014,0.13681948424068768,0.11180124223602485,0.11078838174273858,0.11449814126394052,0.12462108454024924,0.11626858945470933,0.1410149932246361,0.13840390548191342,0.14326140785284755,0.12305516265912306,0.14579398198989676,0.15020712510356254,0.13340270551508845,0.19554887830714776,0.11895592640136927,0.13583843091562287,0.13456603508278553,0.14448483022279138,0.19200609888913092,0.12079299216228677,0.1227452705675319,0.10745098039215686,0.13708954993358663,0.11204379562043795,0.18266649622906814,0.16152838126767363,0.11228581844695588,0.12645210436107407,0.1177705223880597,0.16112026956033404,0.12023898431665422,0.15001472044536038,0.13086755507206962,0.1222378937470616,0.12401795735129069,0.12171199286669639,0.10518053375196232,0.14137735106863444,0.1227106227106227,0.1568196325980566,0.11448427212874908,0.11608961303462322,0.13996889580093314,0.15245247148288973,0.14522947246287787,0.14936941671045717,0.12860993453985367,0.1099644128113879,0.1313044720674382,0.23747778122311364,0.1237785016286645,0.11492014024152708,0.1558432594037024,0.13365236067673988
80,0.12421033073206986,0.10371376811594203,0.10815047021943573,0.12225093310364628,0.11794476840136428,0.10950413223140495,0.12538008669211362,0.11115399459668082,0.11208151382823872,0.1399429410115602,0.1292348686714884,0.11279503105590062,0.10982443033246171,0.11254789272030652,0.11153262518968134,0.13864796702958726,0.10990206746463548,0.1112102289622361,0.11119159724737414,0.12348555452003727,0.1350874813508748,0.10787530762920426,0.11719106247150023,0.1102876430877605,0.1101855357819008,0.12136552440290758,0.1232987106017192,0.10962732919254659,0.10954356846473029,0.11263940520446096,0.11889525092623779,0.1142406489409644,0.13052410718188573,0.1266399972878598,0.13052706048815,0.12211221122112212,0.1358664616736218,0.13206296603148301,0.1222684703433923,0.18199519577635745,0.11810012836970475,0.12282745897659968,0.12053995148873344,0.13516262076498617,0.17036048791113048,0.12171507607192254,0.11878574571051474,0.10509803921568628,0.12445556482253729,0.10875912408759124,0.16778729387702926,0.14444099593075385,0.10900473933649289,0.11654922871833936,0.11637126865671642,0.14530533867140089,0.11687826736370426,0.13695367074378395,0.11862931737829753,0.12082745651151858,0.11097081930415263,0.12037449843958983,0.10405920610002242,0.1304651874298868,0.11950549450549451,0.15263493864813107,0.11155815654718361,0.10930074677528853,0.1293263806300125,0.14249524714828898,0.1317797712740318,0.13508276405675249,0.11440551063192572,0.11209964412811388,0.11983854836405201,0.21548828901224162,0.12052117263843648,0.11102454226723803,0.14533837797728186,0.12101058819096425
96,0.09996283909327387,0.08627717391304347,0.09090909090909091,0.09859316681022108,0.09511497414457036,0.08884297520661157,0.10671540402406676,0.09378618294094944,0.08915574963609899,0.12012895991028875,0.10468214693566806,0.09540372670807454,0.096002988419873,0.09506704980842912,0.10015174506828528,0.11645752598880482,0.08922742110990206,0.08831400535236396,0.08982252806954003,0.1015843429636533,0.1198969211989692,0.08900738310090238,0.10214318285453716,0.08761373642500733,0.09655433547898523,0.09488577362409138,0.10351002865329513,0.09658385093167701,0.0908713692946058,0.09144981412639405,0.10138093634220276,0.09283461018476791,0.10888665471871312,0.10599382988100485,0.11354793066855323,0.09995285242809995,0.11344168679991215,0.10985915492957747,0.10249739854318418,0.16396492746980385,0.09499358151476252,0.09787357995921935,0.10289309944809646,0.1132224712329799,0.14893269440209106,0.0995850622406639,0.09678838539375274,0.08901960784313726,0.10360485589843388,0.09233576642335767,0.14283522945161703,0.12428443340920063,0.09004739336492891,0.09582301783787216,0.09771455223880597,0.12099418488795492,0.10119492158327109,0.11401654042769585,0.09534946967636661,0.09920075223319229,0.0920314253647587,0.09897458760588497,0.0847723704866562,0.11025801657949562,0.10256410256410256,0.12171075962834244,0.09107534747622531,0.09300746775288526,0.10669960052450218,0.12294201520912547,0.11333921997705063,0.11304519180241723,0.093697856501091,0.08718861209964412,0.1015502214602086,0.19017089351146205,0.10237319683573755,0.09232567199065056,0.12404819734509075,0.10026753080372282
112,0.09652545522110739,0.08038949275362318,0.08385579937304075,0.09244903818547229,0.09252943118054792,0.08305785123966943,0.10071488645920942,0.08259359320725589,0.08187772925764192,0.11235343590758423,0.10144651693947468,0.0884472049689441,0.08106088905491221,0.08955938697318008,0.0819423368740516,0.11013717167989173,0.08052230685527748,0.08831400535236396,0.08149221296631655,0.09366262814538677,0.1072833310728333,0.08162428219852338,0.09119927040583675,0.0835045494570003,0.08708822415751609,0.0926791277258567,0.09810768863419293,0.0906832298136646,0.08381742738589211,0.08252788104089219,0.0919501515661839,0.08494817485353763,0.10276697119377541,0.09994236702037496,0.09939865581888928,0.09665252239509665,0.10893916099275203,0.10140845070422536,0.10062434963579604,0.1556874029181839,0.09114249037227215,0.09782503155646179,0.09769044187436285,0.10723365788432927,0.13714332389457634,0.08990318118948824,0.09326880774307084,0.08274509803921569,0.0988169153306768,0.08321167883211679,0.1288508244918829,0.11180081384923098,0.08129784907036092,0.09261727924839713,0.08675373134328358,0.11615731599065235,0.08961911874533234,0.10783395337633488,0.09551264617895024,0.09590973201692525,0.08824354657687991,0.09139545251894783,0.07692307692307693,0.10335232156645639,0.09203296703296704,0.1144762039860983,0.0822970007315289,0.08214528173794976,0.10035678345988473,0.1141587452471483,0.10613447994915305,0.10788885969521808,0.0864245069096821,0.0807829181494662,0.09337048149735677,0.17906478056364725,0.09632387156817124,0.08297623685235683,0.1169428422283291,0.09561400203474132
128,0.0866778149386845,0.0661231884057971,0.06857366771159874,0.08222796439850703,0.08339751347783035,0.06900826446280992,0.0911237626965129,0.06908529525279815,0.06804949053857351,0.10152707003743465,0.08641035401598782,0.07726708074534161,0.07022786701531565,0.08093869731800767,0.07056145675265554,0.09991080765208833,0.07254261878853827,0.07850133809099019,0.07243752263672583,0.07595526561043803,0.08978706089787061,0.06890894175553733,0.0756953944368445,0.07154388024655121,0.07648617947747066,0.08294392523364486,0.08804918815663801,0.07267080745341616,0.07136929460580912,0.07546468401486989,0.07814078814415629,0.07413249211356467,0.09201381299995628,0.0894158728006238,0.08383445348425893,0.07637906647807638,0.09688117724577201,0.09088649544324773,0.08751300728407908,0.14726048908015243,0.07445442875481387,0.08631906010292262,0.08770696382746862,0.09593401005668657,0.12399259420605532,0.07238358690640849,0.07391113066432028,0.06588235294117648,0.08738763784635344,0.07372262773722628,0.11571008564489327,0.10285192082212566,0.07218374043018592,0.08150828413635498,0.07439365671641791,0.1025887212188185,0.07505601194921584,0.09570965928860102,0.08365515365787327,0.07569346497414198,0.07912457912457913,0.0753455193936692,0.06705539358600583,0.09306662393100133,0.07463369963369963,0.09504220157457975,0.07278712509144111,0.07433808553971487,0.09020217729393468,0.10312737642585551,0.09541908211014849,0.09465317919075145,0.07820990031232619,0.07259786476868327,0.08451207315330761,0.16632091993379133,0.07584923220102373,0.07051032333463186,0.1075035483634387,0.08589246015298241
256,0.05824972129319955,0.04868659420289855,0.04623824451410658,0.05460809646856159,0.052646055671691054,0.048760330578512395,0.05947143688943521,0.046700115785411035,0.04730713245997089,0.068924289648576,0.05272173582032737,0.05242236024844721,0.04594695554725439,0.05316091954022988,0.045144157814871015,0.06869348588300424,0.05005440696409141,0.05263157894736842,0.04925751539297356,0.05358807082945014,0.05750712057507121,0.0475799835931091,0.05107159142726858,0.0433665981802172,0.05187429004165089,0.055944963655244026,0.05841093600764088,0.04906832298136646,0.04937759336099585,0.050929368029739776,0.052206130010104414,0.04821991888237945,0.06228963587883027,0.061955453096925114,0.057658295012380616,0.05233380480905234,0.06477048100153744,0.05617232808616404,0.06024973985431842,0.1168495836622444,0.051347881899871634,0.055442275949121274,0.05831897915421661,0.06427616339290759,0.08454040514049227,0.051175656984785614,0.04927408710954685,0.04666666666666667,0.058505544744076855,0.049635036496350364,0.07580212194810175,0.06943582316021794,0.04885162231133795,0.054529296007109755,0.04967350746268657,0.06831397981920617,0.05003734129947722,0.06380643952573402,0.053848245852597225,0.051716031969910675,0.051206509539842876,0.04993312527864467,0.047768557972639604,0.0630545316802401,0.0521978021978022,0.06035889070146819,0.05084125822970007,0.05057705363204345,0.058183148842740826,0.06865494296577947,0.05969397984037811,0.06433920126116657,0.04950156163094169,0.04911032028469751,0.05865123589084155,0.12335515541133671,0.051186598417868774,0.04947409427347098,0.07634697601780868,0.05588002562266853
384,0.062244518766257896,0.05502717391304348,0.06073667711598746,0.05868504163077806,0.05825723401914402,0.0628099173553719,0.06162256582778029,0.052489386337321496,0.05276564774381368,0.0723544253698115,0.060525314046440806,0.059130434782608696,0.05715353007097497,0.05986590038314176,0.05804248861911988,0.0715691702036046,0.05223068552774755,0.05738923580136782,0.05324157913799348,0.06011183597390494,0.0653736606537366,0.06275635767022149,0.05927952576379389,0.04894335192251247,0.05679666792881484,0.0621754932502596,0.06300740210124164,0.0593167701863354,0.06390041493775933,0.05539033457249071,0.057931963624115866,0.05610635421360973,0.06469379726362723,0.06458283893277282,0.0650866643084542,0.06176331918906176,0.06896551724137931,0.05956917978458989,0.06795005202913632,0.11858623411677828,0.058622165169020114,0.05937469657248277,0.06447077020423947,0.06894668449499991,0.08584730995425834,0.06131857999077916,0.05983282006159261,0.05843137254901961,0.0613783090847311,0.05364963503649635,0.07488175891601688,0.07211704255465894,0.05286183011301495,0.059322033898305086,0.05620335820895522,0.07161102153946486,0.05862584017923824,0.069105799855472,0.05841718792493881,0.0611189468735308,0.056818181818181816,0.05929558626839055,0.05382372729311505,0.06697358644502396,0.05860805860805861,0.06355060642598766,0.05376737381126555,0.054989816700611,0.06165950050315616,0.07143536121673004,0.06278233495002751,0.06713084603258014,0.05382278697642579,0.05231316725978648,0.060830118588369765,0.12523310608674385,0.06142391810144253,0.06194000779119595,0.07910369849480364,0.05917706017559064
512,0.05118914901523597,0.043251811594202896,0.048589341692789965,0.04886592018374964,0.04780503905820222,0.050826446280991734,0.05209613767225205,0.04438440756464686,0.04475982532751092,0.06044789656821518,0.04872478111914732,0.04919254658385093,0.04519985057900635,0.04956896551724138,0.044764795144157814,0.06132742818478194,0.04642727602466449,0.04817127564674398,0.0459978268743209,0.05125815470643057,0.05425200054252,0.05004101722723544,0.0506155950752394,0.03999119459935427,0.046951912154486936,0.05101246105919003,0.05271012416427889,0.04751552795031056,0.05186721991701245,0.04684014869888476,0.049511620074099025,0.04529067147363677,0.05630108842942694,0.05612435162897922,0.054120976299964624,0.05091937765205092,0.057939819898967716,0.0492129246064623,0.05754422476586889,0.10870786755281675,0.04920838682071031,0.0504417904650937,0.05230780047105143,0.05796719335580708,0.07384012197778261,0.04933148916551406,0.04927408710954685,0.04862745098039216,0.052574676427887435,0.04562043795620438,0.06353061485363672,0.062004276156976346,0.044841414509660955,0.049101758395226305,0.04337686567164179,0.06036122534012065,0.0474234503360717,0.056472981291652166,0.049388088115311396,0.04983544898918665,0.04461279461279461,0.05082478823004904,0.042834716304104056,0.05678987164731421,0.04899267399267399,0.05291155401092276,0.0457205559619605,0.0461642905634759,0.05196230902936602,0.06047528517110266,0.05274944652752006,0.05540593799264319,0.044880845419928976,0.04412811387900356,0.051328761251607374,0.11266393854297231,0.049325267566309915,0.04947409427347098,0.0682795722118923,0.05000188401974453
640,0.054533630620587144,0.04710144927536232,0.052899686520376174,0.05156474303761126,0.05226097480470899,0.05454545454545454,0.05439283172672576,0.05441914318795832,0.05349344978165939,0.06485100347960883,0.05310239817282071,0.054409937888198756,0.05229734777736272,0.05507662835249042,0.05349013657056146,0.06500276803838347,0.051142546245919476,0.053226286054118346,0.05070626584570807,0.05591798695246971,0.05587956055879561,0.054552912223133715,0.055175558595531235,0.04285294980921632,0.05452480121166225,0.055944963655244026,0.056679799426934095,0.05341614906832298,0.056431535269709544,0.051301115241635685,0.05287975749410576,0.0534024335286165,0.05901123399047078,0.05985354442824694,0.05695083126989742,0.05469118340405469,0.061607731166264,0.05169842584921292,0.05983350676378772,0.11092154516055104,0.05348737697903295,0.05476259831051558,0.056526171476781385,0.062016233827379044,0.07626334131997387,0.05486399262332872,0.05411350637923449,0.05137254901960785,0.055910789855743985,0.051094890510948905,0.06593378499296945,0.0643492654665839,0.04994531534815895,0.052656636831079795,0.047807835820895525,0.06503505371279505,0.05451829723674384,0.060193239300912665,0.05373946151754148,0.05547719793135872,0.049523007856341186,0.05572893446277307,0.04664723032069971,0.06040297789886216,0.05448717948717949,0.05631605078374353,0.05084125822970007,0.05295315682281059,0.056658433202207786,0.06402566539923954,0.05512543243370061,0.05888728323699422,0.04843195139691096,0.04911032028469751,0.05350764394913559,0.11633686067789652,0.05397859469520707,0.05492793143747565,0.07146770665711809,0.053487320547119334
768,0.049609810479375696,0.043251811594202896,0.04741379310344827,0.044329600918748206,0.04521949609417978,0.048760330578512395,0.048262922947531865,0.0428406020841374,0.04294032023289665,0.0571414436253896,0.04701180053292729,0.04795031055900621,0.04333208815838625,0.048132183908045974,0.04362670713201821,0.05786738020544996,0.04642727602466449,0.04846862920011894,0.04636001448750453,0.05032618825722274,0.05181066051810661,0.05004101722723544,0.04879160966712266,0.03676254769592016,0.046951912154486936,0.048416407061266875,0.05050143266475645,0.052795031055900624,0.05020746887966805,0.04795539033457249,0.048501178848097,0.046417305092383954,0.052891550465533066,0.053564769298572734,0.05376724442872303,0.05091937765205092,0.05471117944212607,0.046313173156586576,0.055983350676378774,0.10560464464872298,0.047068891741549,0.04816001553548888,0.05005800260132879,0.055311776116311044,0.06951099978218253,0.048409405255878286,0.047954245490541135,0.04666666666666667,0.04923856300003089,0.04708029197080292,0.05967020324683625,0.05839195806607352,0.04593510754648195,0.04732431917729956,0.04151119402985075,0.05746272712450862,0.04705003734129948,0.053555656665685306,0.04672287190644547,0.04842501175364363,0.042368125701459036,0.049487293802942485,0.04328324736488002,0.054429697402351436,0.04899267399267399,0.048017589899992906,0.046086320409656184,0.04650373387644263,0.049553258317323816,0.05734790874524715,0.04978053056575765,0.052055964266946926,0.042185427630171565,0.04555160142348755,0.047756822403200457,0.10916134216698038,0.049325267566309915,0.049863654070899883,0.06532440022951116,0.047119333810618336
896,0.05165366034931252,0.04551630434782609,0.05211598746081505,0.047085845535457936,0.04830014303003631,0.0512396694214876,0.05031700847512454,0.04592821304515631,0.04512372634643377,0.059408961229571726,0.04986676817662733,0.052919254658385095,0.049682480388494585,0.05220306513409962,0.05083459787556904,0.060204834840376455,0.04787812840043525,0.053820993160868275,0.04817095255342267,0.05312208760484623,0.05587956055879561,0.052502050861361775,0.05243958048335613,0.03793660111535075,0.05187429004165089,0.05218068535825545,0.05336676217765043,0.05403726708074534,0.051452282157676346,0.04981412639405204,0.0498484338160997,0.04979720594862551,0.05573283210211129,0.05512424992372106,0.052706048814998234,0.05374823196605375,0.05723698660224028,0.04888152444076222,0.05837669094693028,0.10707137582439968,0.04835258878904578,0.050635984076123894,0.05237810665448026,0.0580801898340835,0.07087235896318884,0.05025357307514984,0.05103387593488781,0.04823529411764706,0.0514317486794551,0.04890510948905109,0.060692828838041675,0.05877129457203945,0.048122493620123954,0.04900653843712309,0.046875,0.05960036955852249,0.05339805825242718,0.05682091909107941,0.04884416644003264,0.052656323460272686,0.04615600448933782,0.05260811413285778,0.045301637138371834,0.056148836667200865,0.051739926739926737,0.05000354635080502,0.04901243599122165,0.048879837067209775,0.05153538865001677,0.059192015209125474,0.050970656360774476,0.05366526537046768,0.04419629487014932,0.04875444839857651,0.049507072438919844,0.11112227205827761,0.05211726384364821,0.05181145305804441,0.06613545472978512,0.048871472173028375
1024,0.046915644741731696,0.0384963768115942,0.045454545454545456,0.04272179155900086,0.04367917262625151,0.045454545454545456,0.04637057643785987,0.041682747973755305,0.04112081513828239,0.054923399132571445,0.04339550818424058,0.04472049689440994,0.04557340306313037,0.045019157088122604,0.04438543247344461,0.05580672940887003,0.043162858179180266,0.04698186143324413,0.043824701195219126,0.04799627213420317,0.051132510511325106,0.04552912223133716,0.04742362061103511,0.035221602582917524,0.044301400984475575,0.04672897196261682,0.04850167144221586,0.046894409937888196,0.046473029045643155,0.04498141263940521,0.04513304142809026,0.04371338440739072,0.05123049350876426,0.05093738346272502,0.04669260700389105,0.04714757190004715,0.05330551284867121,0.04324772162386081,0.05390218522372529,0.10166450221961923,0.045785194694052206,0.04655791824448976,0.047808204731606144,0.05337200323923238,0.06643432803310825,0.045182111572153065,0.04575450945886494,0.04549019607843137,0.04713804713804714,0.04416058394160584,0.05591205419915633,0.05597799848265397,0.042289464090411955,0.045292960071097565,0.04127798507462686,0.05463669136428688,0.045929798356982826,0.05144126542301207,0.04612455806363883,0.04842501175364363,0.041245791245791245,0.047258136424431565,0.03857367122673245,0.05198210929646411,0.04624542124542125,0.045747925384779065,0.04425749817117776,0.04480651731160896,0.047479645046198886,0.05440589353612167,0.04765622000691041,0.05008539148712559,0.04094467975869593,0.042704626334519574,0.0450421488784112,0.10633131417241334,0.04699860400186133,0.04674717569146864,0.06315871214899244,0.04480198952485022
2048,0.045800817539947976,0.0384963768115942,0.041536050156739814,0.03830031581969567,0.040268456375838924,0.04256198347107438,0.04169631881995212,0.041682747973755305,0.04112081513828239,0.05044608255413183,0.04054054054054054,0.042732919254658386,0.042958535674262235,0.04310344827586207,0.04362670713201821,0.05099341821984376,0.0417120058034095,0.044305679452869465,0.042013763129300975,0.045200372786579686,0.0480130204801302,0.043478260869565216,0.04468764249886001,0.031039037276196068,0.04316546762589928,0.046209761163032194,0.04497970391595033,0.04503105590062112,0.043568464730290454,0.04312267657992565,0.04546985517009094,0.04010815682739973,0.04563535428596407,0.045377496016544054,0.048814998231340646,0.04573314474304573,0.04816604436635186,0.03993371996685998,0.05161290322580645,0.09533752641898602,0.04321780059905862,0.04209146519079522,0.043624986817590604,0.04727019341230532,0.06009039424961882,0.0437989857076994,0.044434667839859214,0.04156862745098039,0.04268989590090508,0.042335766423357665,0.050389876006647065,0.050512104283054006,0.04119577105359096,0.04072240208214308,0.039645522388059705,0.04950997264542309,0.044062733383121735,0.04713218959933624,0.04095730214849062,0.04560413728255759,0.03984287317620651,0.04502897904592064,0.0370038125140166,0.048339865091274636,0.04395604395604396,0.0414923044187531,0.042794440380395024,0.042090970807875085,0.043728844570487604,0.049781368821292776,0.04313032943876398,0.04601287440882817,0.03752192700979763,0.040569395017793594,0.040362908986998146,0.10101627702829591,0.0460679385760819,0.044020257109466304,0.05926737619555042,0.040110780360978184
3072,0.04450018580453363,0.04030797101449275,0.04584639498432602,0.0387022681596325,0.03856309825063263,0.045867768595041325,0.040273015462250115,0.0428406020841374,0.041848617176128096,0.048904170583287984,0.04282451465550057,0.044968944099378884,0.04370564064251027,0.045019157088122604,0.045144157814871015,0.04859445162084025,0.04098657961552412,0.04519774011299435,0.04056501267656646,0.046598322460391424,0.05004747050047471,0.04634946677604594,0.045599635202918376,0.03162606398591136,0.04392275653161681,0.04569055036344756,0.0431888729703916,0.0484472049689441,0.046473029045643155,0.041635687732342004,0.04614348265409229,0.04123479044614691,0.04240066442278271,0.043190832966064345,0.050229925716307036,0.04667609618104668,0.045574346584669446,0.040430820215410106,0.052133194588969825,0.09572118526817923,0.04278990158322636,0.04116904553840179,0.042394628607586034,0.046008399404885214,0.059681986495316926,0.045182111572153065,0.045314562252529694,0.04470588235294118,0.040373150464893585,0.040875912408759124,0.05059440112488815,0.047029105455548656,0.04083120670798396,0.03859582301783787,0.04057835820895522,0.04769841126066557,0.04480955937266617,0.044643096111125984,0.039107968452542836,0.047014574518100614,0.037037037037037035,0.0463664734730272,0.03924646781789639,0.04622736345226475,0.04532967032967033,0.040712107241648345,0.040965618141916606,0.04243041412084182,0.04214314030433324,0.04884505703422053,0.04158188620008617,0.043615344193378876,0.03611004150087708,0.04092526690391459,0.03818402628946992,0.10077607403492989,0.04699860400186133,0.047136735488897546,0.05833552634417184,0.03841516259090395
4096,0.04552211073950204,0.03826992753623189,0.04075235109717868,0.037209302325581395,0.03845307514578061,0.04049586776859504,0.03905997282784499,0.04052489386337321,0.03966521106259097,0.046859281980243736,0.04130186524552722,0.043478260869565216,0.040717220769518114,0.043342911877394634,0.042109256449165404,0.046333886941010025,0.043162858179180266,0.04698186143324413,0.04310032596885187,0.045666356011183594,0.0451647904516479,0.04183757178014766,0.045599635202918376,0.03199295567948342,0.042786823173040514,0.04659916926272067,0.04196513849092646,0.04503105590062112,0.04107883817427386,0.04386617100371747,0.044796227686089596,0.041685443893645785,0.04065218341565765,0.04124148218462895,0.047753802617615845,0.04573314474304573,0.04357566439710081,0.039685169842584925,0.05161290322580645,0.08959282931425225,0.04236200256739409,0.040392271094281,0.038035645234998416,0.044256953991600595,0.05788499237638858,0.04426002766251729,0.044434667839859214,0.04,0.03997158125598493,0.04343065693430657,0.0491882909369807,0.042580522794675495,0.04265402843601896,0.037992763283184156,0.040345149253731345,0.0464303182913353,0.04256908140403286,0.043358402697856166,0.03878161544737558,0.04560413728255759,0.03745791245791246,0.04502897904592064,0.03767660910518053,0.043765206369556664,0.04487179487179487,0.04085396127384921,0.04352596927578639,0.041412084181941616,0.04098435641752813,0.04635931558935361,0.039636734363069415,0.04249868628481345,0.03538270654173619,0.041637010676156584,0.03771967423917703,0.09986766998729107,0.0460679385760819,0.04246201791975068,0.05530701432719146,0.0367949056106108
5120,0.046079524340393904,0.03985507246376811,0.04310344827586207,0.037266724088429515,0.03933325998459677,0.04214876033057851,0.039027625024260854,0.04052489386337321,0.04112081513828239,0.04741173172380811,0.04320517700799391,0.04670807453416149,0.04109077325364214,0.045019157088122604,0.04286798179059181,0.04619548502183675,0.039535727239753356,0.04579244721974428,0.0398406374501992,0.04799627213420317,0.046927980469279804,0.044298605414273995,0.047879616963064295,0.033974170824772526,0.04316546762589928,0.047248182762201454,0.042800859598853866,0.04751552795031056,0.043568464730290454,0.040520446096654276,0.04580666891209161,0.04146011716989635,0.04196354417100144,0.04141099094823202,0.050229925716307036,0.04809052333804809,0.0445200966395783,0.04084507042253521,0.05327783558792924,0.0922597675978033,0.044501497646555414,0.04116904553840179,0.03933630962843182,0.04404979378142715,0.058837943803093005,0.04656523743660673,0.046194456665200175,0.04196078431372549,0.0417940876656473,0.040145985401459854,0.05005752268950531,0.04108904062349127,0.04046664236237696,0.037992763283184156,0.04267723880597015,0.04710059600369559,0.043315907393577296,0.044321922757808524,0.03883600761490345,0.04842501175364363,0.03956228956228956,0.04770396790013375,0.04014352993944831,0.044464517256953044,0.04716117216117216,0.042910844740761754,0.03950256035113387,0.04005431093007468,0.04171621992498399,0.04698669201520912,0.03979029898178126,0.044009458749343144,0.03585333504470971,0.0402135231316726,0.03782683240462923,0.09968424224690248,0.04839460214053048,0.04440981690689521,0.05636828776903929,0.037623874298202645
6144,0.047287253808992936,0.03985507246376811,0.0438871473354232,0.037324145851277635,0.0395533061943008,0.04338842975206612,0.03828362554182571,0.041682747973755305,0.04112081513828239,0.04624911360675473,0.043585839360487245,0.04670807453416149,0.04333208815838625,0.04525862068965517,0.044764795144157814,0.04534969551577782,0.04026115342763874,0.04936068986024383,0.0398406374501992,0.046598322460391424,0.047063610470636105,0.044708777686628384,0.04514363885088919,0.034047549163486936,0.044680045437334344,0.041796469366562825,0.04103987583572111,0.04596273291925466,0.04398340248962656,0.040892193308550186,0.044796227686089596,0.0423614240648941,0.03969051886173886,0.040546496253856326,0.04916873010258224,0.04667609618104668,0.04326817482978256,0.04125932062966031,0.05286160249739855,0.08427253359136937,0.04278990158322636,0.03995533546946305,0.037578655042711004,0.043390647658147985,0.05829340013069048,0.04426002766251729,0.04575450945886494,0.043137254901960784,0.04062026997806814,0.040145985401459854,0.048344624824236224,0.03944237533623009,0.04010207801676996,0.03764362343680569,0.041744402985074626,0.04624916215285955,0.04480955937266617,0.043224580467307226,0.03883600761490345,0.0465444287729196,0.03745791245791246,0.0463664734730272,0.03924646781789639,0.04149244598551844,0.04532967032967033,0.042130647563656996,0.04023408924652524,0.041412084181941616,0.04174671423779465,0.04430608365019011,0.03996092633590554,0.043024172359432476,0.03551105976981988,0.040569395017793594,0.0358979854264895,0.09649609342586243,0.04699860400186133,0.04518893650175302,0.05391786778948822,0.03687026640039188
7168,0.04663693794128577,0.03759057971014493,0.0438871473354232,0.037209302325581395,0.03878314446033667,0.04338842975206612,0.03834832114899398,0.042454650714010035,0.041848617176128096,0.04582034664160029,0.04548915112295394,0.042732919254658386,0.04258498319013822,0.040229885057471264,0.04400606980273141,0.04558036538106662,0.04280014508523758,0.04460303300624442,0.04273813835566823,0.04706430568499534,0.048691170486911704,0.044708777686628384,0.04742362061103511,0.03485471088934546,0.043544112078758045,0.04750778816199377,0.04127865329512894,0.04440993788819876,0.04398340248962656,0.043494423791821564,0.04546985517009094,0.03988283010365029,0.040040215063163874,0.04042784011933417,0.049522461973823845,0.04667609618104668,0.04339995607291895,0.0415907207953604,0.05338189386056191,0.08490913566414572,0.044073598630723146,0.04097485192737159,0.038527788519000246,0.04457711068005047,0.0576944020910477,0.045182111572153065,0.045314562252529694,0.042352941176470586,0.040990949247829984,0.043065693430656936,0.049674038092803276,0.03942513276777709,0.04301859278162596,0.03735796356249603,0.04057835820895522,0.046267277766707124,0.043315907393577296,0.043973984958381285,0.03840087027468045,0.0465444287729196,0.03745791245791246,0.04681230494872938,0.037228078044404575,0.0421626189192733,0.04624542124542125,0.042627136676360027,0.04316020482809071,0.04107264086897488,0.0413197938584454,0.0444106463878327,0.038740940753916965,0.043254072517078294,0.03542549095109742,0.04234875444839858,0.035505072153164736,0.09928244814890838,0.04653327128897161,0.045578496299181925,0.05500502594942989,0.03730359094163307
8192,0.048030471943515424,0.03713768115942029,0.04349529780564263,0.03652024117140396,0.038123005831224556,0.04256198347107438,0.03763666947014298,0.04052489386337321,0.04112081513828239,0.044971058229852076,0.04472782641796726,0.04149068322981366,0.04258498319013822,0.04046934865900383,0.04400606980273141,0.04482684382112321,0.043162858179180266,0.044305679452869465,0.04310032596885187,0.046598322460391424,0.043130340431303406,0.043888433141919606,0.046511627906976744,0.03184619900205459,0.04316546762589928,0.03984942886812046,0.040174307545367716,0.04503105590062112,0.043153526970954356,0.04423791821561338,0.04513304142809026,0.03965750337990086,0.0399090789876295,0.040241380479370786,0.048461266360099044,0.04714757190004715,0.04227981550625961,0.04034797017398509,0.04380853277835588,0.08055647509188289,0.043645699614890884,0.039858238663947956,0.03722712412556684,0.042976327237801086,0.055761272054018735,0.045182111572153065,0.04575450945886494,0.042352941176470586,0.04114539894356408,0.04343065693430657,0.04885593761983894,0.03860611076625974,0.04338315712723296,0.03780232336697772,0.04011194029850746,0.04586873426206047,0.043689320388349516,0.04365281160506383,0.03763937992929018,0.0465444287729196,0.0382996632996633,0.0463664734730272,0.03633101592285266,0.04152158393915995,0.045787545787545784,0.04241435562805873,0.04316020482809071,0.041412084181941616,0.040709907602232184,0.04208650190114068,0.03862150160602997,0.042367314766158695,0.03585333504470971,0.04199288256227758,0.03546935276468067,0.0972472736960253,0.04653327128897161,0.04440981690689521,0.05250715065337343,0.036210859489807457
9216,0.048402081010776664,0.03917572463768116,0.04349529780564263,0.03686477174849268,0.03905820222246672,0.04256198347107438,0.03794397360419228,0.04052489386337321,0.04112081513828239,0.045218423786671944,0.044347164065473926,0.0422360248447205,0.044452745610758314,0.0414272030651341,0.04590288315629742,0.04425785815341084,0.04570184983677911,0.04311626523936961,0.04527345164795364,0.046598322460391424,0.0446222704462227,0.043888433141919606,0.046511627906976744,0.03690930437334899,0.046573267701628174,0.03997923156801662,0.04008476599808978,0.0453416149068323,0.043153526970954356,0.046468401486988845,0.044796227686089596,0.03965750337990086,0.03947195873584823,0.03978370681764247,0.04916873010258224,0.04714757190004715,0.04333406545135076,0.042170671085335544,0.038293444328824144,0.07424817295205113,0.043645699614890884,0.03976114185843286,0.03831686996871375,0.04318348744797454,0.05660531474624265,0.045182111572153065,0.04575450945886494,0.042352941176470586,0.040558490099774504,0.04598540145985401,0.04895820017895948,0.038778536450789707,0.04593510754648195,0.03831016314352822,0.03987873134328358,0.04715494284523831,0.0474234503360717,0.04442898054224768,0.039216752787598584,0.0465444287729196,0.037037037037037035,0.0463664734730272,0.03857367122673245,0.04057460044581069,0.045787545787545784,0.04269806369246046,0.046086320409656184,0.04344874405974202,0.04110633366877078,0.04106939163498099,0.03899261610125027,0.04345112979506043,0.03581055063534848,0.04448398576512456,0.03575510787255322,0.09695029544968184,0.04653327128897161,0.04440981690689521,0.05164864083659409,0.03698330758506349
10240,0.048773690078037904,0.03781702898550725,0.04349529780564263,0.037094458799885155,0.0377929365166685,0.04256198347107438,0.03744258264863816,0.04052489386337321,0.04112081513828239,0.04456702782037962,0.04472782641796726,0.041987577639751555,0.044452745610758314,0.040948275862068964,0.04590288315629742,0.04341206864735191,0.04570184983677911,0.04252155813261969,0.04527345164795364,0.046598322460391424,0.049233690492336904,0.043888433141919606,0.046511627906976744,0.0363222776636337,0.046573267701628174,0.04023883696780893,0.04074140401146132,0.043788819875776396,0.043153526970954356,0.046468401486988845,0.04412260020208825,0.03853086976115367,0.03934082266031385,0.04020747872665017,0.048814998231340646,0.04714757190004715,0.04195036239841862,0.04125932062966031,0.0441207075962539,0.07012978194257001,0.043645699614890884,0.03961549665016021,0.03814110451014167,0.042392512100039546,0.055761272054018735,0.045182111572153065,0.04575450945886494,0.042352941176470586,0.04154696815247274,0.04598540145985401,0.048804806340278666,0.038218152976067316,0.04593510754648195,0.03796102329714975,0.040345149253731345,0.04662959004365863,0.0474234503360717,0.0437331049433932,0.03834647810715257,0.0465444287729196,0.03647586980920314,0.0463664734730272,0.03812514016595649,0.04018123807165023,0.045787545787545784,0.042627136676360027,0.046086320409656184,0.04344874405974202,0.04107583935596011,0.04038498098859315,0.03834849783943113,0.041217813977929584,0.036709023231934285,0.04448398576512456,0.03529075582226032,0.09562699532259263,0.04653327128897161,0.04440981690689521,0.05081170161822629,0.03602245751535476
11264,0.04895949461166853,0.03894927536231884,0.04349529780564263,0.03686477174849268,0.03806799427879855,0.04256198347107438,0.03794397360419228,0.04052489386337321,0.04112081513828239,0.045144214119625985,0.04472782641796726,0.042732919254658386,0.044452745610758314,0.04118773946360153,0.04590288315629742,0.043919542350987266,0.04570184983677911,0.044305679452869465,0.04527345164795364,0.046598322460391424,0.04774176047741761,0.043888433141919606,0.046511627906976744,0.033460522453771645,0.046573267701628174,0.03997923156801662,0.04109957020057307,0.04316770186335404,0.043153526970954356,0.046468401486988845,0.04412260020208825,0.03943217665615142,0.039428246710670106,0.040309183984812015,0.048814998231340646,0.04714757190004715,0.04206018010103229,0.04134217067108534,0.05067637877211238,0.07198526478402213,0.043645699614890884,0.040635013108068746,0.03726227721728126,0.042599672310213,0.05644195164452189,0.045182111572153065,0.04575450945886494,0.042352941176470586,0.04154696815247274,0.04598540145985401,0.05005752268950531,0.03885612800882819,0.04593510754648195,0.03745318352059925,0.040345149253731345,0.04655712758826833,0.0474234503360717,0.0439472205122715,0.03769377209681806,0.0465444287729196,0.03731762065095398,0.0463664734730272,0.03834940569634447,0.040560031468989934,0.045787545787545784,0.04135045038655224,0.046086320409656184,0.04344874405974202,0.041563748360930686,0.040727186311787074,0.038382623310255985,0.04223594324750394,0.036024472682154626,0.04448398576512456,0.03629089869981426,0.09593270822324029,0.04653327128897161,0.04440981690689521,0.05142430661311406,0.036210859489807457
12288,0.04830917874396135,0.03872282608695652,0.04349529780564263,0.03680734998564456,0.03746286720211244,0.04256198347107438,0.037491104354014364,0.04052489386337321,0.04112081513828239,0.04472369267303221,0.04377617053673392,0.041987577639751555,0.044452745610758314,0.040708812260536395,0.04590288315629742,0.04425785815341084,0.04570184983677911,0.04460303300624442,0.04527345164795364,0.046598322460391424,0.044215380442153805,0.043888433141919606,0.046511627906976744,0.033313765776342825,0.046573267701628174,0.03933021806853582,0.041129417382999044,0.04440993788819876,0.043153526970954356,0.046468401486988845,0.04412260020208825,0.03943217665615142,0.0399090789876295,0.040071871715767704,0.04810753448885745,0.04714757190004715,0.04219196134416868,0.04092792046396023,0.04328824141519251,0.07618174564776382,0.043645699614890884,0.03932420623361491,0.03701620557528035,0.04237367935366015,0.057013722500544546,0.045182111572153065,0.04575450945886494,0.042352941176470586,0.040558490099774504,0.04598540145985401,0.04906046273808002,0.0388130215876957,0.04593510754648195,0.03767536342284009,0.04011194029850746,0.046158584083621675,0.0474234503360717,0.044375451650028104,0.038128909437041066,0.0465444287729196,0.03633557800224467,0.0463664734730272,0.037900874635568516,0.04042891067760311,0.045787545787545784,0.04092488828994964,0.046086320409656184,0.04344874405974202,0.04119781660720276,0.04135456273764258,0.03839968604566841,0.03928008407777194,0.03576776622598725,0.04448398576512456,0.035255036433776255,0.09677996969074956,0.04653327128897161,0.04440981690689521,0.05190748801753258,0.03626738008214326
13312,0.04821627647714604,0.04053442028985507,0.04349529780564263,0.03789836347975883,0.03911321377489273,0.04256198347107438,0.038121886523905024,0.04052489386337321,0.04112081513828239,0.04536684312076387,0.04396650171298059,0.046459627329192545,0.044452745610758314,0.0435823754789272,0.04590288315629742,0.04411945623423756,0.04570184983677911,0.0463871543264942,0.04527345164795364,0.046598322460391424,0.0451647904516479,0.043888433141919606,0.046511627906976744,0.03558849427648958,0.046573267701628174,0.040628245067497404,0.04160697230181471,0.04596273291925466,0.043153526970954356,0.046468401486988845,0.04412260020208825,0.041685443893645785,0.040389911264588886,0.04025833135573109,0.04810753448885745,0.04714757190004715,0.0437733362618054,0.04067937033968517,0.03860561914672216,0.07421082563044826,0.043645699614890884,0.04126614234391689,0.03743804267585334,0.04269383604211002,0.05592463515573949,0.045182111572153065,0.04575450945886494,0.042352941176470586,0.0417940876656473,0.04598540145985401,0.05141250159785249,0.03972687771570453,0.04593510754648195,0.03808798324128737,0.042444029850746266,0.047263636528323764,0.0474234503360717,0.04418810052725959,0.039651890127821596,0.0465444287729196,0.03647586980920314,0.0463664734730272,0.039694998878672345,0.04187123938285814,0.045787545787545784,0.04326547982126392,0.046086320409656184,0.04344874405974202,0.04183819717622663,0.04118821292775665,0.03830584100090006,0.043549658434051494,0.03589611945407094,0.04448398576512456,0.03782683240462923,0.09707694793709302,0.04653327128897161,0.04440981690689521,0.05177375030738103,0.03613549870002638
14336,0.03855444072835377,0.03985507246376811,0.04349529780564263,0.037496411139821995,0.03933325998459677,0.04256198347107438,0.038235103836449506,0.04052489386337321,0.04112081513828239,0.044402117449166376,0.04453749524172059,0.04546583850931677,0.044452745610758314,0.042385057471264365,0.04590288315629742,0.04422710217137233,0.04570184983677911,0.0463871543264942,0.04527345164795364,0.046598322460391424,0.0450291604502916,0.043888433141919606,0.046511627906976744,0.037863222776636334,0.046573267701628174,0.03984942886812046,0.03972659980897803,0.04596273291925466,0.043153526970954356,0.046468401486988845,0.04412260020208825,0.041685443893645785,0.040827031516370155,0.03998711733396616,0.04810753448885745,0.04714757190004715,0.04337799253239622,0.04134217067108534,0.03818938605619147,0.06921307495777207,0.043645699614890884,0.03903291581706962,0.0353991633564172,0.04150737302020754,0.05548900021781747,0.045182111572153065,0.04575450945886494,0.042352941176470586,0.04018781083001267,0.04598540145985401,0.049699603732583406,0.03851127663976826,0.04593510754648195,0.03805624325525297,0.042444029850746266,0.047770873716055866,0.0474234503360717,0.04448250943446725,0.039053576285014956,0.0465444287729196,0.037037037037037035,0.0463664734730272,0.03924646781789639,0.04093882486632964,0.045787545787545784,0.04383289595006738,0.046086320409656184,0.04344874405974202,0.04150275973530936,0.040365969581749046,0.037832350093205194,0.03947714135575407,0.03555384417918111,0.04448398576512456,0.03561223031861695,0.09619911517951898,0.04653327128897161,0.04440981690689521,0.049590805748133064,0.03671954482082972
15360,0.039297658862876256,0.03985507246376811,0.04349529780564263,0.037266724088429515,0.039223236879744744,0.04256198347107438,0.03687649608591577,0.04052489386337321,0.04112081513828239,0.04466597404310757,0.04453749524172059,0.04546583850931677,0.044452745610758314,0.042385057471264365,0.04590288315629742,0.04322753275512087,0.04570184983677911,0.0463871543264942,0.04527345164795364,0.046598322460391424,0.0446222704462227,0.043888433141919606,0.046511627906976744,0.037643087760493105,0.046573267701628174,0.040498442367601244,0.0402041547277937,0.04596273291925466,0.043153526970954356,0.046468401486988845,0.04412260020208825,0.041685443893645785,0.04025877518905451,0.039614198054039394,0.04810753448885745,0.04714757190004715,0.042719086316714255,0.041507870753935375,0.038293444328824144,0.06727101423442235,0.043645699614890884,0.03840178658122148,0.035961612823847855,0.03904028324450554,0.04615007623611413,0.045182111572153065,0.04575450945886494,0.042352941176470586,0.04052760016062768,0.04598540145985401,0.04934168477566151,0.03917511552520864,0.04593510754648195,0.03592966419094776,0.042444029850746266,0.04704624916215286,0.0474234503360717,0.04274282043733105,0.03823769377209682,0.0465444287729196,0.03689674523007856,0.0463664734730272,0.03924646781789639,0.04124477337956555,0.045787545787545784,0.043407333853464784,0.046086320409656184,0.04344874405974202,0.04104534504314945,0.0388212927756654,0.03721382593450469,0.03882028376248029,0.03619561031959954,0.04448398576512456,0.03504072010287184,0.08963065514274608,0.04653327128897161,0.04440981690689521,0.05107054879916478,0.0353253702098798
16384,0.04050538833147529,0.03985507246376811,0.04349529780564263,0.036922193511340795,0.03806799427879855,0.04256198347107438,0.03731319143430161,0.04052489386337321,0.04112081513828239,0.04353633800029684,0.044918157594213935,0.04546583850931677,0.044452745610758314,0.042385057471264365,0.04590288315629742,0.04172048963523405,0.04570184983677911,0.0463871543264942,0.04527345164795364,0.046598322460391424,0.04435101044351011,0.043888433141919606,0.046511627906976744,0.038376871147637215,0.046573267701628174,0.03984942886812046,0.03757760267430754,0.04596273291925466,0.043153526970954356,0.046468401486988845,0.04412260020208825,0.041685443893645785,0.04012763911352013,0.03774960165440553,0.04810753448885745,0.04714757190004715,0.042697122776191525,0.0420049710024855,0.038085327783558796,0.06155857163470924,0.043645699614890884,0.03913001262258472,0.03698105248356593,0.038079813179155916,0.055216728381616204,0.045182111572153065,0.04575450945886494,0.042352941176470586,0.04040404040404041,0.04598540145985401,0.048114534066215006,0.03762328436443892,0.04593510754648195,0.03697708373008316,0.042444029850746266,0.04713682723139074,0.0474234503360717,0.0437331049433932,0.038509654609736196,0.0465444287729196,0.03647586980920314,0.0463664734730272,0.03924646781789639,0.039685892859744464,0.045787545787545784,0.042981771756862186,0.046086320409656184,0.04344874405974202,0.04104534504314945,0.03741920152091255,0.036637958614335255,0.04213741460851288,0.0349548624481239,0.04448398576512456,0.035255036433776255,0.08404921104234997,0.04653327128897161,0.04440981690689521,0.047826330798069,0.03526884961754399
17408,0.040412486064659976,0.03985507246376811,0.04349529780564263,0.03824289405684755,0.03801298272637254,0.04256198347107438,0.037297017532509545,0.04052489386337321,0.04112081513828239,0.04371773940863141,0.04777312523791397,0.04546583850931677,0.044452745610758314,0.042385057471264365,0.04590288315629742,0.04275081503352402,0.04570184983677911,0.0463871543264942,0.04527345164795364,0.046598322460391424,0.04665672046656721,0.043888433141919606,0.046511627906976744,0.04094511300264162,0.046573267701628174,0.04023883696780893,0.0376372970391595,0.04596273291925466,0.043153526970954356,0.046468401486988845,0.04412260020208825,0.041685443893645785,0.040827031516370155,0.04058039800657694,0.04810753448885745,0.04714757190004715,0.043048539424555235,0.043164871582435795,0.03860561914672216,0.05784421074075017,0.043645699614890884,0.040635013108068746,0.03835202306042816,0.038795457541573285,0.054427140056632545,0.045182111572153065,0.04575450945886494,0.042352941176470586,0.03867420381181849,0.04598540145985401,0.049316119135881374,0.03973549899993103,0.04593510754648195,0.03884974290611312,0.042444029850746266,0.047263636528323764,0.0474234503360717,0.04501779835666301,0.039053576285014956,0.0465444287729196,0.03942199775533109,0.0463664734730272,0.03924646781789639,0.040414341700782355,0.045787545787545784,0.044825874175473436,0.046086320409656184,0.04344874405974202,0.04247857774525051,0.03788973384030418,0.037388718972482075,0.03845901208617972,0.037308004962991484,0.04448398576512456,0.03839834262037434,0.08001816808095277,0.04653327128897161,0.04440981690689521,0.04896525839419837,0.035381890802215606
18432,0.040412486064659976,0.03985507246376811,0.04349529780564263,0.037094458799885155,0.038343052040928596,0.04256198347107438,0.03804101701494469,0.04052489386337321,0.04112081513828239,0.04330546348059829,0.0475827940616673,0.04546583850931677,0.044452745610758314,0.042385057471264365,0.04590288315629742,0.04162822168911853,0.04570184983677911,0.0463871543264942,0.04527345164795364,0.046598322460391424,0.046385460463854604,0.043888433141919606,0.046511627906976744,0.040284707954211914,0.046573267701628174,0.040628245067497404,0.03677172874880611,0.04596273291925466,0.043153526970954356,0.046468401486988845,0.04412260020208825,0.041685443893645785,0.040608471390479524,0.03890226124690647,0.04810753448885745,0.04714757190004715,0.043224247748737094,0.043579121789560894,0.03902185223725286,0.05461196981657372,0.043645699614890884,0.039227109428099816,0.037191971033852425,0.03947343641123185,0.056578087562622524,0.045182111572153065,0.04575450945886494,0.042352941176470586,0.039539122107929446,0.04598540145985401,0.04757765563083216,0.03878715773501621,0.04593510754648195,0.03878626293404431,0.042444029850746266,0.04769841126066557,0.0474234503360717,0.044455744988357464,0.039107968452542836,0.0465444287729196,0.03998316498316498,0.0463664734730272,0.03924646781789639,0.0399481344425181,0.045787545787545784,0.04454216611107171,0.046086320409656184,0.04344874405974202,0.03982557253072302,0.03732414448669202,0.036846977123137496,0.037408039936941674,0.0374791426004364,0.04448398576512456,0.03479068438348335,0.07484725273285496,0.04653327128897161,0.04440981690689521,0.046782313834950406,0.03541957119710615
19456,0.0405982905982906,0.03985507246376811,0.04349529780564263,0.03824289405684755,0.03729783254483442,0.04256198347107438,0.03627806171960924,0.04052489386337321,0.04112081513828239,0.04256336681013869,0.0475827940616673,0.04546583850931677,0.044452745610758314,0.042385057471264365,0.04590288315629742,0.04021344651534724,0.04570184983677911,0.0463871543264942,0.04527345164795364,0.046598322460391424,0.049369320493693206,0.043888433141919606,0.046511627906976744,0.04035808629292633,0.046573267701628174,0.04036863966770509,0.03712989493791786,0.04596273291925466,0.043153526970954356,0.046468401486988845,0.04412260020208825,0.041685443893645785,0.041701272019932685,0.03752924026172153,0.04810753448885745,0.04714757190004715,0.0431583571271689,0.0444076222038111,0.03943808532778356,0.05390406831164642,0.043645699614890884,0.03854743178949412,0.03603191900727669,0.04122488182451647,0.043999128730124154,0.045182111572153065,0.04575450945886494,0.042352941176470586,0.04083649955209588,0.04598540145985401,0.049316119135881374,0.038442306365956275,0.04593510754648195,0.03554878435853488,0.042444029850746266,0.04744479266679952,0.0474234503360717,0.043759869389502985,0.0387272232798477,0.0465444287729196,0.03928170594837262,0.0463664734730272,0.03924646781789639,0.03942365127697082,0.045787545787545784,0.044754947159373004,0.046086320409656184,0.04344874405974202,0.04019150428445095,0.0370722433460076,0.0365398478857138,0.038491854965843404,0.036880160869379196,0.04448398576512456,0.034862123160451494,0.07217444851576386,0.04653327128897161,0.04440981690689521,0.04675642911685656,0.035494931986887225
20480,0.04022668153102936,0.03985507246376811,0.04349529780564263,0.03830031581969567,0.03768291341181648,0.04256198347107438,0.037361713139677816,0.04052489386337321,0.04112081513828239,0.042917924108247164,0.0475827940616673,0.04546583850931677,0.044452745610758314,0.042385057471264365,0.04590288315629742,0.04024420249738574,0.04570184983677911,0.0463871543264942,0.04527345164795364,0.046598322460391424,0.051539400515394004,0.043888433141919606,0.046511627906976744,0.04035808629292633,0.046573267701628174,0.040628245067497404,0.039368433619866285,0.04596273291925466,0.043153526970954356,0.046468401486988845,0.04412260020208825,0.041685443893645785,0.040958167591904536,0.03825812794521477,0.04810753448885745,0.04714757190004715,0.04201625301998682,0.04507042253521127,0.03943808532778356,0.04672659214178401,0.043645699614890884,0.03849888338673658,0.03585615354870461,0.04120604907813707,0.04427140056632542,0.045182111572153065,0.04575450945886494,0.042352941176470586,0.041299848639298184,0.04598540145985401,0.048114534066215006,0.038425063797503274,0.04593510754648195,0.03532660445629404,0.042444029850746266,0.0478976830129889,0.0474234503360717,0.042555469314562534,0.039107968452542836,0.0465444287729196,0.03928170594837262,0.0463664734730272,0.03924646781789639,0.03904485787963111,0.045787545787545784,0.04510958223987517,0.046086320409656184,0.04344874405974202,0.041563748360930686,0.03677756653992396,0.03630523527379292,0.03862322648449816,0.03709408291618534,0.04448398576512456,0.03454064866409487,0.06951037895297699,0.04653327128897161,0.04440981690689521,0.0453111990232833,0.03545725159199668
21504,0.04022668153102936,0.03985507246376811,0.04349529780564263,0.03824289405684755,0.03845307514578061,0.04256198347107438,0.037297017532509545,0.04052489386337321,0.04112081513828239,0.04154916802717723,0.0475827940616673,0.04546583850931677,0.044452745610758314,0.042385057471264365,0.04590288315629742,0.04113612597650243,0.04570184983677911,0.0463871543264942,0.04527345164795364,0.046598322460391424,0.05181066051810661,0.043888433141919606,0.046511627906976744,0.040798356325212795,0.046573267701628174,0.040758047767393564,0.0389207258834766,0.04596273291925466,0.043153526970954356,0.046468401486988845,0.04412260020208825,0.041685443893645785,0.04069589544083577,0.03847848933789877,0.04810753448885745,0.04714757190004715,0.04335602899187349,0.04540182270091135,0.03922996878251821,0.04904552129221733,0.043645699614890884,0.03869307699776677,0.036067072098991106,0.03962409838226709,0.04446199085166631,0.045182111572153065,0.04575450945886494,0.042352941176470586,0.037345936428505234,0.04598540145985401,0.04806340278665474,0.03819228912338782,0.04593510754648195,0.03554878435853488,0.042444029850746266,0.04749913950834224,0.0474234503360717,0.043626047158954046,0.03916236062007071,0.0465444287729196,0.03928170594837262,0.0463664734730272,0.03924646781789639,0.03940908230015006,0.045787545787545784,0.0451805092559756,0.046086320409656184,0.04344874405974202,0.04211264599152258,0.03696292775665399,0.03594265214627883,0.039444298476090385,0.03576776622598725,0.04448398576512456,0.03532647521074439,0.0626274713612522,0.04653327128897161,0.04440981690689521,0.04464682459220784,0.03509928784053657
22528,0.04022668153102936,0.03985507246376811,0.04349529780564263,0.03835773758254379,0.03823302893607657,0.04256198347107438,0.03572814905867892,0.04052489386337321,0.04112081513828239,0.04160688665710186,0.0475827940616673,0.04546583850931677,0.044452745610758314,0.042385057471264365,0.04590288315629742,0.040597896290828564,0.04570184983677911,0.0463871543264942,0.04527345164795364,0.046598322460391424,0.049776210497762104,0.043888433141919606,0.046511627906976744,0.04057822130906956,0.046573267701628174,0.04101765316718588,0.039368433619866285,0.04596273291925466,0.043153526970954356,0.046468401486988845,0.04412260020208825,0.041685443893645785,0.040389911264588886,0.03754619113808184,0.04810753448885745,0.04714757190004715,0.043004612343509774,0.04366197183098591,0.039125910509885536,0.04690484072216139,0.043645699614890884,0.03854743178949412,0.037402889584138926,0.03870129380967627,0.04516989762578959,0.045182111572153065,0.04575450945886494,0.042352941176470586,0.038179964785469374,0.04598540145985401,0.047731049469512975,0.03792502931236637,0.04593510754648195,0.03605662413508538,0.042444029850746266,0.04728175214217134,0.0474234503360717,0.04279634932955063,0.039053576285014956,0.0465444287729196,0.03928170594837262,0.0463664734730272,0.03924646781789639,0.038840892204140505,0.045787545787545784,0.04510958223987517,0.046086320409656184,0.04344874405974202,0.041350288171256064,0.03655893536121673,0.03534545640684386,0.03717813977929585,0.03572498181662602,0.04448398576512456,0.03650521503071867,0.061758373257982384,0.04653327128897161,0.04440981690689521,0.04440954800968088,0.034910885866083874
23552,0.040412486064659976,0.03985507246376811,0.04349529780564263,0.03853000287108814,0.038398063593354605,0.04256198347107438,0.036116322701688554,0.04052489386337321,0.04112081513828239,0.0415326769900559,0.0475827940616673,0.04546583850931677,0.044452745610758314,0.042385057471264365,0.04590288315629742,0.04173586762625331,0.04570184983677911,0.0463871543264942,0.04527345164795364,0.046598322460391424,0.05058999050589991,0.043888433141919606,0.046511627906976744,0.04057822130906956,0.046573267701628174,0.040498442367601244,0.036801575931232094,0.04596273291925466,0.043153526970954356,0.046468401486988845,0.04412260020208825,0.041685443893645785,0.04117672771779517,0.037817405159846766,0.04810753448885745,0.04714757190004715,0.04326817482978256,0.043910521955260975,0.03891779396462019,0.0403045504316162,0.043645699614890884,0.03869307699776677,0.0364889091995641,0.038155144164673534,0.04653125680679591,0.045182111572153065,0.04575450945886494,0.042352941176470586,0.03895221326413987,0.04598540145985401,0.04819123098555542,0.03826125939719981,0.04593510754648195,0.03681838379991113,0.042444029850746266,0.04753537073603739,0.0474234503360717,0.042689291545111474,0.039053576285014956,0.0465444287729196,0.03928170594837262,0.0463664734730272,0.03924646781789639,0.03838925392269701,0.045787545787545784,0.04546421732037733,0.046086320409656184,0.04344874405974202,0.03970359527948038,0.03660171102661597,0.03522601725895687,0.037999211770888074,0.036024472682154626,0.04448398576512456,0.03607658236890984,0.06098098902490687,0.04653327128897161,0.04440981690689521,0.04383577009193389,0.03498624665586495
24576,0.040040876997398736,0.03985507246376811,0.04349529780564263,0.03893195521102498,0.039663329299152825,0.04256198347107438,0.03660153975545061,0.04052489386337321,0.04112081513828239,0.04112040106202279,0.0475827940616673,0.04546583850931677,0.044452745610758314,0.042385057471264365,0.04590288315629742,0.04056714030879006,0.04570184983677911,0.0463871543264942,0.04527345164795364,0.046598322460391424,0.050183100501831,0.043888433141919606,0.046511627906976744,0.04101849134135603,0.046573267701628174,0.040498442367601244,0.037607449856733526,0.04596273291925466,0.043153526970954356,0.046468401486988845,0.04412260020208825,0.041685443893645785,0.040827031516370155,0.0370207139709123,0.04810753448885745,0.04714757190004715,0.04221392488469141,0.04415907207953604,0.03943808532778356,0.04582855881778751,0.043645699614890884,0.03893581901155452,0.03620768446584877,0.03813631141829413,0.05317468961010673,0.045182111572153065,0.04575450945886494,0.042352941176470586,0.03898310320328669,0.04598540145985401,0.0476799181899527,0.038580246913580245,0.04593510754648195,0.03792928331111534,0.042444029850746266,0.04739044582525679,0.0474234503360717,0.04210047373069614,0.03948871362523797,0.0465444287729196,0.03928170594837262,0.0463664734730272,0.03924646781789639,0.03837468494587625,0.045787545787545784,0.04510958223987517,0.046086320409656184,0.04344874405974202,0.03970359527948038,0.036677756653992394,0.035038327169420166,0.03773646873357856,0.036024472682154626,0.04448398576512456,0.03539791398771253,0.05707223122376874,0.04653327128897161,0.04440981690689521,0.04384871245098081,0.03526884961754399
25600,0.0405982905982906,0.03985507246376811,0.04349529780564263,0.03921906402526557,0.04065353724282099,0.04256198347107438,0.03643980073752992,0.04052489386337321,0.04112081513828239,0.041598641138541205,0.0475827940616673,0.04546583850931677,0.044452745610758314,0.042385057471264365,0.04590288315629742,0.0402903364704435,0.04570184983677911,0.0463871543264942,0.04527345164795364,0.046598322460391424,0.050183100501831,0.043888433141919606,0.046511627906976744,0.042045788083357793,0.046573267701628174,0.040498442367601244,0.03829393505253104,0.04596273291925466,0.043153526970954356,0.046468401486988845,0.04412260020208825,0.041685443893645785,0.041788696070288935,0.038037766552530765,0.04810753448885745,0.04714757190004715,0.04381726334285087,0.04647887323943662,0.04172736732570239,0.04307504265233888,0.043645699614890884,0.039858238663947956,0.03722712412556684,0.03905911599088495,0.04386299281202352,0.045182111572153065,0.04575450945886494,0.042352941176470586,0.03916844283816761,0.04598540145985401,0.04872810942093826,0.038752672598110216,0.04593510754648195,0.0361518440931886,0.042444029850746266,0.04758971757758012,0.0474234503360717,0.041993415946256996,0.04046777264073973,0.0465444287729196,0.03928170594837262,0.0463664734730272,0.03924646781789639,0.039263392531942484,0.045787545787545784,0.04596070643308036,0.046086320409656184,0.04344874405974202,0.04104534504314945,0.03746673003802281,0.03550755239326193,0.03901734104046243,0.037778633465965,0.04448398576512456,0.0364694956422346,0.05514187262253628,0.04653327128897161,0.04440981690689521,0.04431895149635241,0.03551377218433249
26624,0.04050538833147529,0.03985507246376811,0.04349529780564263,0.03962101636520241,0.04059852569039498,0.04256198347107438,0.03674710487157922,0.04052489386337321,0.04112081513828239,0.0412935569517967,0.0475827940616673,0.04546583850931677,0.044452745610758314,0.042385057471264365,0.04590288315629742,0.040151934551270224,0.04570184983677911,0.0463871543264942,0.04527345164795364,0.046598322460391424,0.050183100501831,0.043888433141919606,0.046511627906976744,0.042045788083357793,0.046573267701628174,0.040498442367601244,0.037219436485195795,0.04596273291925466,0.043153526970954356,0.046468401486988845,0.04412260020208825,0.041685443893645785,0.041832408095467066,0.038427636708817846,0.04810753448885745,0.04714757190004715,0.04432242477487371,0.04647887323943662,0.04172736732570239,0.038289492670588135,0.043645699614890884,0.0401980774832508,0.03613737828241994,0.03824930789657056,0.044216946199085165,0.045182111572153065,0.04575450945886494,0.042352941176470586,0.040373150464893585,0.04598540145985401,0.048702543781158125,0.03890785571418719,0.04593510754648195,0.03577096426077572,0.042444029850746266,0.04653901197442075,0.0474234503360717,0.042421647084013595,0.04063094914332336,0.0465444287729196,0.03928170594837262,0.0463664734730272,0.03924646781789639,0.03981701365113128,0.045787545787545784,0.04624441449748209,0.046086320409656184,0.04344874405974202,0.041136827981581435,0.037509505703422055,0.03568244543123931,0.03901734104046243,0.03824926196893852,0.04448398576512456,0.03650521503071867,0.05161743961078381,0.04653327128897161,0.04440981690689521,0.04440523388999858,0.03526884961754399
27648,0.04087699739873653,0.03985507246376811,0.04349529780564263,0.03996554694229113,0.04054351413796897,0.04256198347107438,0.036989713398460244,0.04052489386337321,0.04112081513828239,0.04132653902603935,0.0475827940616673,0.04546583850931677,0.044452745610758314,0.042385057471264365,0.04590288315629742,0.039444546964384576,0.04570184983677911,0.0463871543264942,0.04527345164795364,0.046598322460391424,0.050183100501831,0.043888433141919606,0.046511627906976744,0.042045788083357793,0.046573267701628174,0.040498442367601244,0.037279130850047755,0.04596273291925466,0.043153526970954356,0.046468401486988845,0.04412260020208825,0.041685443893645785,0.041788696070288935,0.03763094551988338,0.04810753448885745,0.04714757190004715,0.04366351855919174,0.0463960231980116,0.04172736732570239,0.038454160406746284,0.043645699614890884,0.039858238663947956,0.03677013393327943,0.03828697338932937,0.044026355913744285,0.045182111572153065,0.04575450945886494,0.042352941176470586,0.03987891143854447,0.04598540145985401,0.049111594017640293,0.038580246913580245,0.04593510754648195,0.03573922427474132,0.042444029850746266,0.04670205249904893,0.0474234503360717,0.04351898937451489,0.04063094914332336,0.0465444287729196,0.03928170594837262,0.0463664734730272,0.03924646781789639,0.03927796150876324,0.045787545787545784,0.04645719554578339,0.046086320409656184,0.04344874405974202,0.04077089622785351,0.037452471482889736,0.03498287327932978,0.03911586967945349,0.03884824369999572,0.04448398576512456,0.03586226603800543,0.050988544500880015,0.04653327128897161,0.04440981690689521,0.0436847759030531,0.034760164286521726
28672,0.04069119286510591,0.03985507246376811,0.04349529780564263,0.040022968705139245,0.040708548795247004,0.04256198347107438,0.03616484440706476,0.04052489386337321,0.04112081513828239,0.040955490690809546,0.0475827940616673,0.04546583850931677,0.044452745610758314,0.042385057471264365,0.04590288315629742,0.04001353263209694,0.04570184983677911,0.0463871543264942,0.04527345164795364,0.046598322460391424,0.050183100501831,0.043888433141919606,0.046511627906976744,0.04182565306721456,0.046573267701628174,0.040498442367601244,0.036532951289398284,0.04596273291925466,0.043153526970954356,0.046468401486988845,0.04412260020208825,0.041685443893645785,0.0422258163220702,0.0379021595416483,0.04810753448885745,0.04714757190004715,0.04372940918075994,0.046313173156586576,0.04172736732570239,0.03991919397689559,0.043645699614890884,0.0401980774832508,0.03525855098955953,0.03847530085312341,0.04446199085166631,0.045182111572153065,0.04575450945886494,0.042352941176470586,0.03833441448120347,0.04598540145985401,0.04857471558225745,0.03847679150286227,0.04593510754648195,0.03592966419094776,0.042444029850746266,0.04764406441912284,0.0474234503360717,0.04279634932955063,0.040358988305683983,0.0465444287729196,0.03928170594837262,0.0463664734730272,0.03924646781789639,0.03903028890281036,0.045787545787545784,0.04645719554578339,0.046086320409656184,0.04344874405974202,0.04074040191504284,0.0372148288973384,0.03542223871619979,0.03888596952180767,0.03897659692807941,0.04448398576512456,0.03518359765680812,0.049569163176444386,0.04653327128897161,0.04440981690689521,0.04311962622467073,0.03504276724820076
29696,0.04069119286510591,0.03985507246376811,0.04349529780564263,0.03990812517944301,0.040433491033116956,0.04256198347107438,0.03606780099631235,0.04052489386337321,0.04112081513828239,0.04144197628588862,0.0475827940616673,0.04546583850931677,0.044452745610758314,0.042385057471264365,0.04590288315629742,0.03978286276680815,0.04570184983677911,0.0463871543264942,0.04527345164795364,0.046598322460391424,0.050183100501831,0.043888433141919606,0.046511627906976744,0.0421191664220722,0.046573267701628174,0.040498442367601244,0.03659264565425024,0.04596273291925466,0.043153526970954356,0.046468401486988845,0.04412260020208825,0.041685443893645785,0.04200725619617957,0.03756314201444215,0.04810753448885745,0.04714757190004715,0.04394904458598726,0.04374482187241094,0.04172736732570239,0.03764610017570217,0.043645699614890884,0.039858238663947956,0.03575069427356136,0.03900261775174674,0.044325854933565674,0.045182111572153065,0.04575450945886494,0.042352941176470586,0.03722237667191795,0.04598540145985401,0.04872810942093826,0.0388302641561487,0.04593510754648195,0.0361518440931886,0.042444029850746266,0.047263636528323764,0.0474234503360717,0.042956936006209354,0.040195811803100355,0.0465444287729196,0.03928170594837262,0.0463664734730272,0.03924646781789639,0.03882632322731974,0.045787545787545784,0.04603163344918079,0.046086320409656184,0.04344874405974202,0.04150275973530936,0.03717680608365019,0.03517909473657269,0.03862322648449816,0.03893381251871818,0.04448398576512456,0.03536219459922846,0.04912806313408131,0.04653327128897161,0.04440981690689521,0.043758115937652345,0.0353253702098798
30720,0.04069119286510591,0.03985507246376811,0.04349529780564263,0.040022968705139245,0.04059852569039498,0.04256198347107438,0.036423626835737855,0.04052489386337321,0.04112081513828239,0.04148320387869193,0.0475827940616673,0.04546583850931677,0.044452745610758314,0.042385057471264365,0.04590288315629742,0.039444546964384576,0.04570184983677911,0.0463871543264942,0.04527345164795364,0.046598322460391424,0.050183100501831,0.043888433141919606,0.046511627906976744,0.042045788083357793,0.046573267701628174,0.040498442367601244,0.0366523400191022,0.04596273291925466,0.043153526970954356,0.046468401486988845,0.04412260020208825,0.041685443893645785,0.041482711894042054,0.03759704376716276,0.04810753448885745,0.04714757190004715,0.04368548209971448,0.04374482187241094,0.04172736732570239,0.03748482765059883,0.043645699614890884,0.039809690261190404,0.03564523499841811,0.03826814064294996,0.04462535395338706,0.045182111572153065,0.04575450945886494,0.042352941176470586,0.037562166002532975,0.04598540145985401,0.04867697814137799,0.03908028139871715,0.04593510754648195,0.03589792420491335,0.042444029850746266,0.04739044582525679,0.0474234503360717,0.04303722934453871,0.04046777264073973,0.0465444287729196,0.03928170594837262,0.0463664734730272,0.03924646781789639,0.03872434038957444,0.045787545787545784,0.045606071352578194,0.046086320409656184,0.04344874405974202,0.04098435641752813,0.03754752851711027,0.03542223871619979,0.03829479768786127,0.039062165746801866,0.04448398576512456,0.035112158879839976,0.04972638695392033,0.04653327128897161,0.04440981690689521,0.0430031449932484,0.035250009420098725
31744,0.04069119286510591,0.03985507246376811,0.04349529780564263,0.03967843812805053,0.04059852569039498,0.04256198347107438,0.036294235621401306,0.04052489386337321,0.04112081513828239,0.04123583832187206,0.0475827940616673,0.04546583850931677,0.044452745610758314,0.042385057471264365,0.04590288315629742,0.03958294888355785,0.04570184983677911,0.0463871543264942,0.04527345164795364,0.046598322460391424,0.050183100501831,0.043888433141919606,0.046511627906976744,0.042045788083357793,0.046573267701628174,0.040498442367601244,0.03689111747851003,0.04596273291925466,0.043153526970954356,0.046468401486988845,0.04412260020208825,0.041685443893645785,0.04187612012064519,0.037885208665287995,0.04810753448885745,0.04714757190004715,0.04324621128925983,0.043579121789560894,0.04172736732570239,0.03758838158777045,0.043645699614890884,0.03976114185843286,0.036172531374134356,0.03811747867191473,0.045142670442169464,0.045182111572153065,0.04575450945886494,0.042352941176470586,0.0369752571587434,0.04598540145985401,0.049418381695001914,0.03890785571418719,0.04593510754648195,0.03637402399542944,0.042444029850746266,0.04679263056828681,0.0474234503360717,0.04298370045231914,0.04025020397062823,0.0465444287729196,0.03928170594837262,0.0463664734730272,0.03924646781789639,0.038534943690904586,0.045787545787545784,0.045818852400879496,0.046086320409656184,0.04344874405974202,0.039520629402616414,0.03753802281368821,0.035759227740595236,0.038261954808197586,0.036837376460017966,0.04448398576512456,0.03557651093013288,0.049328960183078356,0.04653327128897161,0.04440981690689521,0.04345612755989077,0.03551377218433249
32768,0.04069119286510591,0.03985507246376811,0.04349529780564263,0.6944587998851565,0.7065133678072395,0.04256198347107438,0.8196124733130621,0.04052489386337321,0.04112081513828239,0.9469153515064562,0.0475827940616673,0.04546583850931677,0.044452745610758314,0.042385057471264365,0.04590288315629742,0.8624746263148182,0.04570184983677911,0.0463871543264942,0.04527345164795364,0.046598322460391424,0.050183100501831,0.043888433141919606,0.046511627906976744,0.7844878191957734,0.046573267701628174,0.040498442367601244,0.8159025787965616,0.04596273291925466,0.043153526970954356,0.046468401486988845,0.04412260020208825,0.041685443893645785,0.4885255933907418,0.8486117232260908,0.04810753448885745,0.04714757190004715,0.7561168460355809,0.8067108533554267,0.04172736732570239,1.001178138236018,0.043645699614890884,0.6141372948829984,0.8623404928463458,0.8611461609446506,0.8158353299934655,0.045182111572153065,0.04575450945886494,0.042352941176470586,0.7631050566830383,0.04598540145985401,0.6002556563978013,0.8842592592592593,0.04593510754648195,0.8224147781374976,0.042444029850746266,0.9133711345808952,0.0474234503360717,0.8827717260391296,0.6866467228719064,0.0465444287729196,0.03928170594837262,0.0463664734730272,0.03924646781789639,0.8420722912629846,0.045787545787545784,0.58195616710405,0.046086320409656184,0.04344874405974202,0.6956972524624158,0.9105655893536122,0.942025090752424,0.7509524435102469,0.5527745689470757,0.04448398576512456,0.8648735533647663,0.9541954728286741,0.04653327128897161,0.04440981690689521,0.9183207720548583,0.9209653717170956
33792,0.04069119286510591,0.03985507246376811,0.04349529780564263,0.7338501291989664,0.7370997909561008,0.04256198347107438,0.8654493109917837,0.04052489386337321,0.04112081513828239,0.900946585530764,0.0475827940616673,0.04546583850931677,0.044452745610758314,0.042385057471264365,0.04590288315629742,0.899627852617334,0.04570184983677911,0.0463871543264942,0.04527345164795364,0.046598322460391424,0.050183100501831,0.043888433141919606,0.046511627906976744,0.8291018491341356,0.046573267701628174,0.040498442367601244,0.8498089780324737,0.04596273291925466,0.043153526970954356,0.046468401486988845,0.04412260020208825,0.041685443893645785,0.5084582768719674,0.8866155880259009,0.04810753448885745,0.04714757190004715,0.7979354271908632,0.8520298260149131,0.04172736732570239,0.9849914695322248,0.043645699614890884,0.6531216622973104,0.9029071606847823,0.896457560406034,0.8404487039860596,0.045182111572153065,0.04575450945886494,0.042352941176470586,0.8071541099064035,0.04598540145985401,0.677157100856449,0.9132009104076143,0.04593510754648195,0.8620580206944709,0.042444029850746266,0.9470299451096901,0.0474234503360717,0.9289671600246233,0.723252651618167,0.0465444287729196,0.03928170594837262,0.0463664734730272,0.03924646781789639,0.8853858593510978,0.045787545787545784,0.6595503227179232,0.046086320409656184,0.04344874405974202,0.7268319458421004,0.9093678707224334,0.9433175929599154,0.7960128744088282,0.5909382620972917,0.04448398576512456,0.9062008858408344,0.9604669546191036,0.04653327128897161,0.04440981690689521,0.924097378309469,0.9783149327404951
34816,0.04069119286510591,0.03985507246376811,0.04349529780564263,0.7626758541487224,0.7397953570249752,0.04256198347107438,0.8910040758232516,0.04052489386337321,0.04112081513828239,0.9256006860271443,0.0475827940616673,0.04546583850931677,0.044452745610758314,0.042385057471264365,0.04590288315629742,0.9373346865965431,0.04570184983677911,0.0463871543264942,0.04527345164795364,0.046598322460391424,0.050183100501831,0.043888433141919606,0.046511627906976744,0.8647637217493396,0.046573267701628174,0.040498442367601244,0.8703438395415473,0.04596273291925466,0.043153526970954356,0.046468401486988845,0.04412260020208825,0.041685443893645785,0.5300083052847838,0.9164830321727633,0.04810753448885745,0.04714757190004715,0.8220953217658686,0.8743164871582436,0.04172736732570239,1.003091339665402,0.043645699614890884,0.662006020001942,0.9389742327837733,0.9478144597826701,0.8668862992812023,0.045182111572153065,0.04575450945886494,0.042352941176470586,0.8162666419547153,0.04598540145985401,0.7151220759299501,0.9427632940202773,0.04593510754648195,0.8822763917983876,0.042444029850746266,0.838535533776562,0.0474234503360717,0.9623691887696384,0.7458254011422355,0.0465444287729196,0.03928170594837262,0.0463664734730272,0.03924646781789639,0.9151648479727269,0.045787545787545784,0.7518263706645861,0.046086320409656184,0.04344874405974202,0.7460738572256275,0.9539591254752852,0.9749902955692342,0.8160470310036784,0.607624181748171,0.04448398576512456,0.9329904272038863,0.9936324370122241,0.04653327128897161,0.04440981690689521,0.9612074358166844,0.8156109876031501
35840,0.04069119286510591,0.03985507246376811,0.04349529780564263,0.7648004593741028,0.7483771592034327,0.04256198347107438,0.9063045869185482,0.04052489386337321,0.04112081513828239,0.9614934283217071,0.0475827940616673,0.04546583850931677,0.044452745610758314,0.042385057471264365,0.04590288315629742,0.9712892907670542,0.04570184983677911,0.0463871543264942,0.04527345164795364,0.046598322460391424,0.050183100501831,0.043888433141919606,0.046511627906976744,0.8836219547989433,0.046573267701628174,0.040498442367601244,0.8918338108882522,0.04596273291925466,0.043153526970954356,0.046468401486988845,0.04412260020208825,0.041685443893645785,0.5473619792805,0.9362816557616028,0.04810753448885745,0.04714757190004715,0.8482978256094883,0.8938690969345484,0.04172736732570239,0.9745800548326585,0.043645699614890884,0.6757452179823283,0.9639680809927234,0.9798677941204166,0.8897843607057286,0.045182111572153065,0.04575450945886494,0.042352941176470586,0.8427084298643932,0.04598540145985401,0.7441135114406238,0.896070418649562,0.04593510754648195,0.9052878816733321,0.042444029850746266,0.8655459140232967,0.0474234503360717,0.9868854214062039,0.7612183845526245,0.0465444287729196,0.03928170594837262,0.0463664734730272,0.03924646781789639,0.9521846180742727,0.045787545787545784,0.7621107879991489,0.046086320409656184,0.04344874405974202,0.7835818619827403,0.9750522813688213,0.9489824211168414,0.8348003152916448,0.6344500064176614,0.04448398576512456,0.9673881983140449,0.9883479711581715,0.04653327128897161,0.04440981690689521,0.939520356173721,0.8387090696710502
